<?xml version="1.0" encoding="UTF-8" ?>
 <extension type="package" version="3.9" method="upgrade">
 <name>Properties Package</name>
 <author>Karthik </author>
 <creationDate>2021-03-22</creationDate>
 <packagename>properties_pkg</packagename>
 <version>1.0.0</version>
 <description>Properties Template and Component to display properties listing and single item view</description>
 <files folder="packages">
    <file type="component" id="com_properties" >com_properties_1.0.0.zip</file>
    <file type="template" id="properties" client="site">tpl_properties.zip</file>
 </files>
 </extension>